utc	client	sent	lost	leak	inproc_mean	inproc_p50	inproc_p99	seg1_mean	seg1_slow_pct	seg2_mean	seg2_p50	seg2_p90	seg2_p99	seg3_mean	total_mean	rtt_p50_us
2026-10-01 12:37:07	A	1754889	0	0	207.2	191.3	430.9	55.0	0.54	152.2	136.4	209.1	373.6	125.1	332.3	229
2026-10-01 12:37:32	B	1989552	0	0	195.4	174.1	467.5	66.3	5.268	129.1	119.1	180.1	278.1	106.1	301.6	159
2026-10-01 12:37:52	A	1937218	0	0	207.6	193.1	404.6	56.9	1.938	150.7	137.5	204.3	336.7	142.8	350.3	160
2026-10-01 12:38:12	B	2043619	0	0	193.4	174.2	455.2	64.7	4.423	128.7	118.9	177.3	273.3	99.1	292.6	108
2026-10-01 12:38:33	A	1956473	0	0	203.9	187.9	416.4	54.7	0.931	149.2	133.5	203.5	356.1	131.2	335.1	160
2026-10-01 12:38:53	B	1788952	0	0	209.3	177.6	486.3	79.0	12.541	130.3	119.9	182.4	283.1	104.6	314.0	229
2026-10-01 12:39:13	A	1964322	0	0	202.4	187.7	392.3	55.8	1.038	146.7	132.2	200.5	331.0	129.1	331.5	109
2026-10-01 12:39:33	B	1948522	0	0	207.8	177.1	478.2	78.1	12.456	129.6	119.5	180.7	277.5	99.1	306.9	160
2026-10-01 12:39:54	A	1835681	0	0	206.4	190.8	409.6	55.1	1.263	151.3	136.5	209.9	347.7	137.8	344.2	242
2026-10-01 12:40:14	B	1843777	0	0	200.4	176.6	466.8	70.3	7.804	130.2	120.9	180.1	276.6	98.6	299.0	247
2026-10-01 12:40:34	A	1788066	0	0	210.4	196.2	417.1	54.9	1.091	155.4	142.0	214.2	355.4	138.7	349.0	245
2026-10-01 12:40:54	B	2021329	0	0	203.6	178.1	461.6	72.8	9.751	130.7	121.1	181.0	276.4	87.4	290.9	123
2026-10-01 12:41:15	A	1937986	0	0	205.0	190.3	389.2	57.6	2.007	147.4	133.6	202.4	321.8	146.5	351.5	160
2026-10-01 12:41:35	B	1862072	0	0	199.4	176.2	469.5	69.4	7.213	130.0	120.6	180.3	276.6	98.6	298.0	243
2026-10-01 12:41:55	A	1818924	0	0	204.7	189.9	392.4	55.6	1.275	149.1	134.9	203.2	330.8	128.9	333.6	229
2026-10-01 12:42:15	B	1888691	0	0	209.2	177.4	480.6	79.9	13.076	129.3	119.9	179.3	274.8	86.8	296.0	161
2026-10-01 12:42:35	A	1810129	0	0	209.7	192.4	439.9	55.7	0.92	154.0	137.2	215.0	380.1	133.3	342.9	229
2026-10-01 12:42:56	B	1754789	0	0	204.5	178.8	477.1	71.9	8.539	132.5	123.3	185.4	279.9	105.0	309.5	232
2026-10-01 12:43:16	A	2084241	0	0	200.8	186.3	388.8	54.7	0.952	146.1	131.9	200.0	329.5	129.0	329.8	107
2026-10-01 12:43:36	B	1718212	0	0	215.7	178.2	490.2	86.4	15.681	129.3	119.7	179.2	275.4	86.0	301.8	248
2026-10-01 12:43:56	A	1737777	0	0	206.2	190.6	411.4	55.0	0.969	151.2	136.1	207.8	351.4	134.5	340.7	248
2026-10-01 12:44:17	B	2092750	0	0	198.8	175.3	470.4	69.2	7.121	129.6	119.9	179.4	279.0	102.0	300.8	108
2026-10-01 12:44:37	A	2096472	0	0	201.3	187.1	386.4	55.0	1.218	146.2	132.6	199.9	326.4	128.8	330.1	108
2026-10-01 12:44:57	B	1718206	0	0	203.5	176.9	472.9	73.0	9.503	130.4	120.6	182.0	279.1	100.0	303.5	248
2026-10-01 12:45:17	A	1986473	0	0	201.7	187.1	392.0	54.6	0.949	147.1	132.8	199.3	331.8	121.7	323.4	159
2026-10-01 12:45:38	B	1995959	0	0	202.7	175.0	478.3	74.3	9.703	128.4	118.6	178.4	276.7	107.0	309.7	112
2026-10-01 12:45:58	A	1808168	0	0	203.3	188.9	394.1	54.7	0.918	148.6	134.5	203.0	334.2	125.9	329.2	247
2026-10-01 12:46:18	B	1745321	0	0	196.0	175.7	390.8	67.1	9.46	128.9	119.3	179.4	276.9	107.4	303.4	248
2026-10-01 12:46:38	A	1869930	0	0	204.7	189.1	409.9	55.0	0.899	149.8	134.4	204.8	349.7	122.3	327.0	234
2026-10-01 12:46:58	B	1939020	0	0	195.4	174.2	463.6	67.2	5.452	128.2	118.7	178.2	274.4	112.9	308.3	160
2026-10-01 12:47:19	A	1979877	0	0	202.8	187.8	397.1	55.7	1.446	147.1	132.7	200.7	333.8	129.9	332.7	160
2026-10-01 12:47:39	B	1889530	0	0	200.3	176.0	475.8	70.6	7.309	129.6	120.3	180.5	278.9	109.8	310.1	161
2026-10-01 12:47:59	A	1938280	0	0	207.6	190.3	419.7	56.1	1.945	151.5	134.9	210.5	353.6	142.1	349.7	160
2026-10-01 12:48:19	B	1773079	0	0	201.9	176.1	475.2	72.3	8.739	129.7	119.9	180.9	277.3	104.8	306.8	247
2026-10-01 12:48:40	A	2032205	0	0	199.0	185.6	375.9	54.4	0.753	144.6	131.4	196.2	319.0	117.5	316.5	108
2026-10-01 12:49:00	B	2101398	0	0	207.0	177.3	473.5	78.3	12.054	128.8	119.0	178.2	273.4	86.7	293.7	108
2026-10-01 12:49:20	A	1973187	0	0	204.5	188.7	413.5	55.4	1.197	149.1	133.7	205.2	351.2	132.7	337.3	160
2026-10-01 12:49:40	B	2070834	0	0	204.9	175.9	472.2	76.6	11.461	128.2	118.8	176.8	273.9	91.1	296.0	108
2026-10-01 12:50:01	A	1937886	0	0	205.1	188.4	402.2	56.8	2.381	148.3	132.9	204.6	334.3	142.1	347.1	160
2026-10-01 12:50:21	B	1937574	0	0	211.0	178.2	484.2	81.1	13.856	129.9	120.3	181.5	278.0	104.1	315.1	160
2026-10-01 12:50:41	A	1746918	0	0	209.3	191.2	444.0	54.6	0.912	154.7	137.0	214.7	384.2	133.2	342.5	245
2026-10-01 12:51:01	B	1982433	0	0	206.8	177.5	477.0	77.2	11.509	129.7	120.3	179.3	276.1	91.6	298.5	111
2026-10-01 12:51:22	A	1959460	0	0	204.5	189.3	405.8	54.6	0.836	149.9	135.0	205.6	346.4	135.7	340.2	119
2026-10-01 12:51:42	B	1807814	0	0	210.9	177.0	484.5	82.1	13.713	128.8	119.0	179.0	274.2	85.2	296.1	247
2026-10-01 12:52:02	A	1938477	0	0	203.3	187.0	400.9	55.5	1.735	147.8	132.2	203.1	336.2	142.3	345.6	160
2026-10-01 12:52:22	B	2002759	0	0	205.2	176.4	473.5	76.1	11.499	129.1	119.3	179.4	275.7	95.9	301.1	158
2026-10-01 12:52:42	A	1940327	0	0	204.7	188.6	411.6	55.9	2.005	148.8	133.6	204.0	345.2	144.5	349.2	160
2026-10-01 12:53:03	B	1820368	0	0	202.9	176.4	476.0	73.0	9.092	129.9	120.1	181.6	276.5	102.2	305.1	247
2026-10-01 12:53:23	A	1981859	0	0	206.1	191.9	406.3	55.1	1.362	151.0	137.7	203.0	343.3	126.3	332.4	160
2026-10-01 12:53:43	B	1937987	0	0	207.9	178.0	474.3	77.6	12.431	130.3	120.8	180.9	278.0	97.4	305.3	160
2026-10-01 12:54:03	A	2019383	0	0	206.2	190.5	414.2	55.8	1.058	150.4	135.1	209.3	352.5	141.3	347.5	113
2026-10-01 12:54:24	B	1976859	0	0	194.7	174.4	463.4	65.7	4.978	129.0	119.4	178.8	275.1	104.3	299.0	160
2026-10-01 12:54:44	A	1725135	0	0	206.8	190.4	423.4	54.9	1.12	151.9	136.2	210.3	363.9	129.9	336.7	245
2026-10-01 12:55:04	B	1821952	0	0	204.1	177.2	481.6	73.2	9.039	131.0	121.1	182.7	279.8	103.8	307.9	245
2026-10-01 12:55:24	A	1778800	0	0	206.0	190.0	415.4	54.8	1.013	151.2	135.8	209.4	355.0	139.7	345.7	248
2026-10-01 12:55:45	B	1898084	0	0	197.6	175.5	467.1	67.8	6.102	129.7	120.3	180.4	276.4	107.6	305.2	161
2026-10-01 12:56:05	A	1938184	0	0	203.4	187.8	400.5	55.8	1.899	147.6	133.0	202.2	334.2	144.4	347.8	160
2026-10-01 12:56:25	B	1890154	0	0	199.4	176.0	475.9	69.5	6.546	129.8	120.2	180.8	278.4	111.8	311.1	163
2026-10-01 12:56:45	A	2020299	0	0	206.3	189.8	420.2	55.0	1.354	151.3	135.4	210.8	359.1	137.1	343.4	115
2026-10-01 12:57:05	B	1766436	0	0	214.9	179.3	490.4	84.2	14.546	130.7	121.2	181.7	277.8	85.5	300.5	248
2026-10-01 12:57:26	A	1759737	0	0	207.6	191.6	417.9	55.0	1.119	152.6	137.4	212.0	356.8	139.7	347.3	248
2026-10-01 12:57:46	B	1791102	0	0	210.2	178.8	482.5	79.2	12.703	131.0	121.5	182.9	279.7	99.9	310.1	229
2026-10-01 12:58:06	A	1795893	0	0	207.1	190.9	419.4	55.5	1.418	151.6	136.1	209.3	357.4	134.2	341.4	245
2026-10-01 12:58:26	B	1887400	0	0	197.4	175.4	472.0	67.4	5.65	130.0	120.2	180.8	279.0	108.5	305.9	163
2026-10-01 12:58:47	A	1938893	0	0	202.4	188.1	381.0	55.7	1.861	146.7	133.4	200.3	318.4	133.5	335.9	160
2026-10-01 12:59:07	B	1949845	0	0	197.1	176.2	467.9	66.2	5.281	130.8	121.4	182.2	278.1	105.8	302.9	160
2026-10-01 12:59:27	A	1938308	0	0	206.3	192.6	388.2	55.4	1.415	150.9	138.1	205.0	325.5	142.0	348.2	160
2026-10-01 12:59:47	B	1927848	0	0	198.2	175.8	472.7	68.2	5.948	130.0	120.6	180.7	276.9	111.6	309.7	160
2026-10-01 13:00:08	A	1750942	0	0	209.1	191.5	443.0	54.8	0.909	154.3	137.3	213.5	382.8	127.2	336.3	245
2026-10-01 13:00:28	B	2034969	0	0	195.6	176.0	456.8	66.0	4.97	129.7	120.3	178.5	274.5	97.5	293.2	108
2026-10-01 13:00:48	A	1989283	0	0	203.2	188.8	399.0	54.5	0.865	148.7	134.5	202.9	339.4	129.4	332.7	159
2026-10-01 13:01:08	B	1957155	0	0	208.2	178.7	474.8	77.1	12.209	131.1	121.6	182.3	278.3	93.6	301.8	160
2026-10-01 13:01:28	A	1953894	0	0	203.2	188.3	386.2	55.8	1.604	147.5	133.3	200.3	324.8	128.3	331.6	160
2026-10-01 13:01:49	B	1953278	0	0	207.7	178.4	471.2	77.6	12.352	130.1	120.8	180.0	276.0	90.7	298.4	160
2026-10-01 13:02:09	A	1787342	0	0	206.7	190.6	428.3	54.7	0.949	152.0	136.4	208.6	369.4	132.5	339.2	247
2026-10-01 13:02:29	B	1827927	0	0	218.0	179.8	493.9	87.5	16.406	130.5	121.2	181.8	278.6	88.5	306.5	245
2026-10-01 13:02:49	A	1938057	0	0	203.4	188.9	390.3	55.5	1.678	147.9	134.3	201.8	327.1	131.5	334.8	160
2026-10-01 13:03:10	B	1937989	0	0	195.7	175.5	461.8	65.4	4.891	130.3	120.8	180.7	275.8	105.3	301.0	160
2026-10-01 13:03:30	A	1884586	0	0	207.1	190.2	428.2	55.0	1.27	152.1	135.9	212.2	367.2	138.4	345.4	224
2026-10-01 13:03:50	B	1938529	0	0	207.8	178.1	471.9	77.6	12.675	130.2	120.7	181.4	276.7	93.9	301.7	160
2026-10-01 13:04:10	A	1933989	0	0	204.7	189.1	409.9	55.3	1.512	149.4	134.3	206.1	346.8	143.3	348.0	160
2026-10-01 13:04:31	B	1757860	0	0	218.1	179.8	494.7	87.2	16.032	130.9	121.0	182.7	279.4	90.8	308.9	248
2026-10-01 13:04:51	A	1933238	0	0	205.3	190.2	409.6	55.0	1.321	150.3	136.0	204.7	346.5	130.3	335.6	160
2026-10-01 13:05:11	B	1973507	0	0	197.6	177.1	464.0	67.0	5.118	130.6	121.2	181.4	276.5	105.9	303.5	160
2026-10-01 13:05:31	A	1764077	0	0	201.3	187.2	402.5	55.7	1.639	145.7	132.4	203.2	338.2	137.7	339.1	229
2026-10-01 13:05:51	B	1960588	0	0	206.1	177.7	474.2	76.2	11.303	129.9	120.6	180.6	275.3	94.7	300.9	159
2026-10-01 13:06:12	A	1936006	0	0	206.1	190.4	412.6	55.8	1.872	150.3	135.6	206.6	346.9	138.7	344.8	160
2026-10-01 13:06:32	B	1712267	0	0	218.8	179.8	494.6	88.6	16.807	130.2	120.9	181.2	277.6	86.2	305.0	248
2026-10-01 13:06:52	A	1849882	0	0	206.4	190.9	414.4	55.5	1.162	150.9	136.1	207.5	352.5	134.1	340.4	229
2026-10-01 13:07:12	B	1931465	0	0	209.7	178.4	483.8	79.2	12.793	130.5	121.0	182.2	278.2	104.2	313.9	160
2026-10-01 13:07:33	A	1938409	0	0	203.3	189.0	383.0	55.1	1.438	148.1	134.5	202.7	321.6	135.9	339.1	160
2026-10-01 13:07:53	B	1917788	0	0	204.3	177.1	479.7	73.9	9.537	130.4	120.8	181.7	279.0	104.6	308.9	119
2026-10-01 13:08:13	A	1939781	0	0	204.0	188.9	395.6	55.9	1.977	148.1	133.9	202.6	330.6	133.5	337.5	160
2026-10-01 13:08:33	B	1902250	0	0	200.3	177.0	480.5	68.8	6.224	131.5	121.8	184.0	280.9	112.8	313.0	161
2026-10-01 13:08:54	A	2000293	0	0	202.2	188.5	380.7	55.6	1.175	146.7	133.4	200.7	320.3	129.4	331.6	158
2026-10-01 13:09:14	B	2040095	0	0	193.1	175.2	452.2	63.0	3.939	130.1	120.8	178.7	275.1	95.9	289.0	108
2026-10-01 13:09:34	A	1817984	0	0	207.1	191.2	402.6	54.8	0.997	152.4	137.0	210.6	342.1	132.3	339.4	245
2026-10-01 13:09:54	B	1937963	0	0	198.0	176.4	469.2	67.5	5.73	130.5	121.6	181.1	277.7	110.6	308.6	160
2026-10-01 13:10:14	A	1937354	0	0	203.9	189.3	391.2	55.8	1.835	148.1	134.5	202.6	327.5	133.4	337.3	160
2026-10-01 13:10:35	B	1850318	0	0	210.1	178.8	484.8	79.0	12.532	131.1	121.3	183.3	280.2	101.8	311.9	224
2026-10-01 13:10:55	A	1726029	0	0	206.2	191.0	415.9	54.7	0.943	151.5	137.0	206.6	355.5	133.4	339.5	248
2026-10-01 13:11:15	B	1763390	0	0	218.4	180.7	496.5	86.3	15.522	132.1	122.1	184.5	281.5	88.4	306.8	245
2026-10-01 13:11:35	A	1938243	0	0	203.3	188.6	386.5	55.8	1.788	147.5	133.6	203.1	322.4	144.1	347.4	160
2026-10-01 13:11:56	B	1938436	0	0	210.8	178.8	481.3	80.4	13.693	130.4	120.5	182.6	278.9	100.8	311.6	160
2026-10-01 13:12:16	A	1881477	0	0	205.1	190.0	403.3	55.2	1.024	149.9	135.2	204.3	342.8	129.6	334.7	162
2026-10-01 13:12:36	B	1765949	0	0	207.2	178.3	478.3	75.9	11.004	131.3	121.2	182.9	284.5	99.3	306.5	229
2026-10-01 13:12:56	A	1806248	0	0	206.8	190.8	412.7	56.0	2.103	150.8	136.0	210.0	346.2	143.5	350.3	228
2026-10-01 13:13:17	B	1800603	0	0	215.2	179.7	489.7	84.2	14.924	131.0	121.9	182.2	278.5	87.5	302.7	247
2026-10-01 13:13:37	A	1762791	0	0	204.3	189.5	390.6	54.7	1.054	149.5	135.1	204.7	330.5	134.9	339.2	229
2026-10-01 13:13:57	B	1909504	0	0	195.2	174.8	462.4	65.7	4.943	129.4	119.7	179.4	275.0	103.6	298.8	161
2026-10-01 13:14:17	A	1937350	0	0	204.7	188.5	412.0	55.7	1.831	149.0	133.6	204.6	347.2	138.6	343.3	160
2026-10-01 13:14:37	B	1751978	0	0	211.4	177.6	485.0	82.4	14.179	129.0	119.6	179.3	275.0	92.4	303.8	231
2026-10-01 13:14:58	A	1788976	0	0	207.4	193.0	409.9	56.0	1.657	151.3	138.2	206.3	344.9	133.1	340.5	229
2026-10-01 13:15:18	B	1937987	0	0	197.0	177.1	461.8	65.0	4.732	132.0	122.6	183.4	278.6	105.4	302.3	160
2026-10-01 13:15:38	A	1960167	0	0	206.1	191.0	403.1	55.5	1.629	150.6	136.5	205.7	337.9	135.0	341.2	160
2026-10-01 13:15:58	B	1941680	0	0	210.7	180.6	479.8	77.7	12.268	132.9	123.8	185.9	280.5	99.1	309.7	160
2026-10-01 13:16:19	A	1994926	0	0	206.1	190.9	412.9	54.7	0.997	151.4	136.8	209.8	351.6	137.3	343.3	112
2026-10-01 13:16:39	B	1722960	0	0	204.4	177.5	477.2	72.8	9.306	131.6	121.3	183.8	284.0	102.1	306.5	247
2026-10-01 13:16:59	A	2027819	0	0	204.8	189.8	405.9	54.8	1.118	150.0	135.4	208.3	344.3	146.3	351.1	115
2026-10-01 13:17:19	B	1919897	0	0	200.6	175.8	476.2	70.8	7.771	129.8	120.0	180.8	277.9	102.7	303.3	122
2026-10-01 13:17:40	A	1938208	0	0	204.4	188.9	401.0	56.1	1.732	148.2	133.5	203.8	335.2	144.8	349.2	160
2026-10-01 13:18:00	B	1959369	0	0	198.2	175.0	475.3	69.0	6.187	129.2	119.4	179.8	277.2	112.3	310.4	160
2026-10-01 13:18:20	A	1801561	0	0	205.0	189.9	408.6	54.8	0.943	150.2	135.6	204.2	349.0	126.7	331.7	247
2026-10-01 13:18:40	B	1750522	0	0	215.7	180.5	493.9	83.4	14.322	132.3	122.8	185.3	281.2	90.1	305.9	240
2026-10-01 13:19:00	A	1978695	0	0	206.1	192.0	393.1	55.4	1.221	150.7	137.4	208.7	331.6	133.5	339.6	159
2026-10-01 13:19:21	B	1743613	0	0	200.7	177.9	459.9	69.0	7.728	131.7	122.4	183.2	276.8	96.1	296.8	243
2026-10-01 13:19:41	A	1937024	0	0	207.7	191.3	423.8	55.5	1.669	152.2	136.9	211.7	360.5	140.8	348.5	160
2026-10-01 13:20:01	B	1756999	0	0	204.6	182.9	471.4	71.6	6.074	132.9	123.9	185.4	280.0	103.2	307.7	229
2026-10-01 13:20:21	A	1741045	0	0	211.9	194.9	435.3	55.1	1.058	156.8	140.7	220.0	375.3	134.0	345.9	247
2026-10-01 13:20:42	B	1854559	0	0	215.7	181.2	492.7	82.7	14.271	133.0	123.7	185.7	280.8	88.7	304.4	245
2026-10-01 13:21:02	A	1975877	0	0	202.8	187.6	392.4	55.8	1.758	147.0	132.7	200.0	328.8	135.2	338.0	160
2026-10-01 13:21:22	B	2023488	0	0	194.8	175.3	460.1	64.9	4.686	129.9	120.7	178.8	275.2	100.9	295.7	111
2026-10-01 13:21:42	A	1945032	0	0	204.8	189.0	399.4	55.6	1.738	149.2	134.2	203.1	334.8	134.1	338.9	160
2026-10-01 13:22:03	B	1879794	0	0	199.7	176.3	477.9	69.5	6.582	130.2	120.8	181.1	278.3	109.4	309.1	168
2026-10-01 13:22:23	A	1996783	0	0	208.2	190.9	444.1	55.6	1.204	152.7	135.9	211.1	383.2	132.3	340.5	158
2026-10-01 13:22:43	B	1938831	0	0	208.5	178.2	478.0	78.0	12.453	130.6	121.0	181.8	278.7	99.8	308.3	160
2026-10-01 13:23:03	A	1938471	0	0	207.5	190.0	428.1	55.5	1.69	152.0	135.2	209.2	364.4	143.8	351.2	160
2026-10-01 13:23:24	B	2004284	0	0	203.9	177.7	467.5	72.9	9.833	131.0	121.3	181.8	276.8	92.4	296.3	158
2026-10-01 13:23:44	A	1900808	0	0	204.5	188.8	409.4	56.2	1.907	148.3	133.6	202.4	343.1	133.0	337.5	161
2026-10-01 13:24:04	B	1998871	0	0	207.3	177.4	479.6	77.9	12.058	129.4	119.9	179.6	275.1	94.9	302.3	111
2026-10-01 13:24:24	A	1927035	0	0	207.2	192.9	398.9	56.0	0.893	151.2	137.3	204.7	337.0	129.8	337.0	157
2026-10-01 13:24:44	B	1839433	0	0	200.6	177.3	479.8	68.6	6.159	131.9	122.2	184.3	281.5	111.6	312.2	224
2026-10-01 13:25:05	A	1923370	0	0	205.9	189.8	410.8	55.6	1.528	150.3	134.9	205.0	346.6	131.2	337.1	160
2026-10-01 13:25:25	B	1936906	0	0	198.1	176.6	473.1	66.9	5.409	131.2	121.6	182.6	277.8	108.1	306.2	160
2026-10-01 13:25:45	A	1711273	0	0	206.9	191.3	410.6	55.1	1.005	151.8	136.8	207.1	349.9	130.5	337.4	248
2026-10-01 13:26:05	B	1938376	0	0	198.8	175.7	475.9	68.8	6.271	130.0	120.6	180.9	277.4	113.0	311.8	160
2026-10-01 13:26:26	A	1775396	0	0	206.9	191.3	423.7	56.2	1.463	150.8	135.9	208.8	361.4	141.0	347.9	229
2026-10-01 13:26:46	B	1867445	0	0	213.9	179.0	492.7	83.0	14.139	130.9	121.3	182.4	279.6	100.9	314.8	162
2026-10-01 13:27:06	A	1938601	0	0	206.8	191.6	410.4	55.4	1.655	151.4	137.2	208.4	345.0	141.5	348.3	160
2026-10-01 13:27:26	B	1860048	0	0	206.3	177.9	486.5	75.1	9.938	131.2	121.4	183.8	280.4	108.0	314.3	242
2026-10-01 13:27:47	A	1910198	0	0	207.9	192.8	410.3	54.6	0.969	153.3	138.8	211.7	350.0	136.2	344.0	117
2026-10-01 13:28:07	B	1739471	0	0	209.9	179.0	479.0	78.7	12.311	131.2	122.2	180.8	275.2	82.1	292.0	240
2026-10-01 13:28:27	A	1968046	0	0	204.0	189.6	392.4	55.2	1.455	148.8	135.1	203.0	329.9	132.8	336.8	160
2026-10-01 13:28:47	B	2093580	0	0	202.8	180.4	472.4	68.8	6.284	134.0	124.9	186.8	281.5	101.8	304.7	107
2026-10-01 13:29:08	A	1938090	0	0	206.9	191.7	409.9	55.4	1.548	151.5	137.4	210.1	344.9	141.9	348.8	160
2026-10-01 13:29:28	B	2043864	0	0	208.6	180.0	491.2	75.0	9.786	133.6	124.0	187.8	283.8	110.2	318.7	115
2026-10-01 13:29:48	A	1937870	0	0	208.0	192.4	406.0	56.5	1.887	151.4	137.2	209.6	339.6	137.1	345.1	160
2026-10-01 13:30:08	B	1938567	0	0	199.1	176.8	474.5	68.0	5.865	131.2	121.8	182.3	278.6	110.9	310.1	160
2026-10-01 13:30:28	A	1851340	0	0	203.9	189.5	391.6	54.7	0.981	149.2	135.3	203.1	331.7	127.5	331.4	228
2026-10-01 13:30:49	B	1847423	0	0	200.3	177.8	464.0	69.1	7.209	131.2	122.3	181.5	277.0	100.4	300.7	234
2026-10-01 13:31:09	A	2001882	0	0	206.7	190.5	416.8	54.6	0.964	152.1	136.4	210.3	356.6	129.3	336.0	133
2026-10-01 13:31:29	B	1985309	0	0	201.6	177.6	478.4	70.5	7.02	131.2	122.0	182.8	279.3	111.3	313.0	159
2026-10-01 13:31:49	A	1826917	0	0	208.5	191.5	426.8	54.8	1.018	153.7	137.4	211.9	366.2	131.0	339.5	243
2026-10-01 13:32:10	B	1937121	0	0	208.7	179.4	473.2	76.6	11.94	132.1	122.8	183.6	280.1	96.2	304.9	160
2026-10-01 13:32:30	A	1940370	0	0	203.3	188.9	395.5	54.7	0.948	148.6	134.5	202.4	335.4	121.6	324.9	156
2026-10-01 13:32:50	B	1862772	0	0	199.1	177.5	469.4	67.4	5.697	131.6	122.0	183.8	279.2	109.3	308.4	228
2026-10-01 13:33:10	A	1820539	0	0	206.9	191.9	403.3	55.8	1.375	151.1	137.0	206.6	339.7	136.0	343.0	228
2026-10-01 13:33:31	B	1952201	0	0	205.8	178.6	468.7	74.5	10.681	131.3	122.1	181.6	276.6	94.1	299.9	160
2026-10-01 13:33:51	A	1787636	0	0	206.5	191.6	404.2	54.9	0.866	151.6	137.2	207.5	344.7	129.3	335.8	248
2026-10-01 13:34:11	B	1938540	0	0	213.1	180.9	484.7	80.7	13.54	132.4	122.8	185.4	282.3	101.9	314.9	160
2026-10-01 13:34:31	A	1998352	0	0	206.5	193.1	391.6	55.1	1.404	151.4	139.0	203.4	329.9	123.2	329.8	158
2026-10-01 13:34:51	B	1740320	0	0	204.6	178.5	475.9	72.6	9.215	132.0	122.7	183.3	279.8	101.3	305.9	245
2026-10-01 13:35:12	A	1860139	0	0	206.3	190.9	398.3	55.4	1.607	150.9	136.4	208.7	334.7	142.7	349.0	163
2026-10-01 13:35:32	B	1998761	0	0	198.2	176.8	465.6	67.2	6.051	131.0	121.9	181.4	276.9	99.4	297.6	121
2026-10-01 13:35:52	A	2004755	0	0	214.1	197.4	442.9	57.0	2.069	157.1	141.6	218.5	376.9	132.3	346.4	156
2026-10-01 13:36:12	B	1746867	0	0	214.3	180.2	491.1	81.2	13.336	133.0	123.1	186.0	280.8	87.8	302.0	239
2026-10-01 13:36:33	A	1851144	0	0	206.6	190.2	431.8	54.9	1.169	151.7	136.1	208.3	372.1	130.2	336.8	228
2026-10-01 13:36:53	B	1885091	0	0	199.7	177.7	475.2	67.8	5.69	131.9	122.5	183.8	280.6	109.3	309.1	161
